address_components,adr_address,business_status,formatted_address,formatted_phone_number,geometry,icon,id,international_phone_number,name,place_id,plus_code,rating,reference,reviews,scope,types,url,user_ratings_total,utc_offset,vicinity,opening_hours,photos,website,price_level
"[{'long_name': '40è™Ÿ', 'short_name': '40è™Ÿ', 'types': ['street_number']}, {'long_name': 'æ…¶ç¦è·¯', 'short_name': 'æ…¶ç¦è·¯', 'types': ['route']}, {'long_name': 'æ± ä¸Šé„‰', 'short_name': 'æ± ä¸Šé„‰', 'types': ['administrative_area_level_3', 'political']}, {'long_name': 'å°æ±ç¸£', 'short_name': 'å°æ±ç¸£', 'types': ['administrative_area_level_2', 'political']}, {'long_name': 'å°ç£', 'short_name': 'TW', 'types': ['country', 'political']}, {'long_name': '958', 'short_name': '958', 'types': ['postal_code']}]","<span class=""postal-code"">958</span><span class=""country-name"">å°ç£</span><span class=""region"">å°æ±ç¸£</span><span class=""locality"">æ± ä¸Šé„‰</span><span class=""street-address"">æ…¶ç¦è·¯40è™Ÿ</span>",OPERATIONAL,958å°ç£å°æ±ç¸£æ± ä¸Šé„‰æ…¶ç¦è·¯40è™Ÿ,08 986 2309,"{'location': {'lat': 23.125507, 'lng': 121.221254}, 'viewport': {'northeast': {'lat': 23.1269606802915, 'lng': 121.2226440802915}, 'southwest': {'lat': 23.1242627197085, 'lng': 121.2199461197085}}}",https://maps.gstatic.com/mapfiles/place_api/icons/generic_business-71.png,bdeaac9fa9ccf674be2ff7dcde24c53867192895,+886 8 986 2309,ä¿¡ä¸€æ©Ÿæ¢°ä¿®ç†å» ,ChIJqwWOSYsMbzQRK9__zKR0T-k,"{'compound_code': '46GC+6G å°ç£å°æ±ç¸£æ± ä¸Šé„‰ç¦åŸæ‘', 'global_code': '7QM346GC+6G'}",4.4,ChIJqwWOSYsMbzQRK9__zKR0T-k,"[{'author_name': 'Ann Hsu', 'author_url': 'https://www.google.com/maps/contrib/115283805009751075532/reviews', 'language': 'zh-Hant', 'profile_photo_url': 'https://lh5.ggpht.com/-OCoKuCA6I0E/AAAAAAAAAAI/AAAAAAAAAAA/TON-dcJbaCw/s128-c0x00000000-cc-rp-mo/photo.jpg', 'rating': 5, 'relative_time_description': '9 å€‹æœˆå‰', 'text': 'æˆ‘å€‘ç¬¬ä¸€æ¬¡å¹«æ±½è»Šè¼ªèƒï¼Œä¸å¤ªçŸ¥é“å¦‚ä½•ä½¿ç”¨ï¼Œè€é—†äººå¾ˆå¥½ï¼Œå€Ÿæˆ‘å€‘å™¨æï¼Œé‚„æ•™æˆ‘å€‘æ€éº¼ä½¿ç”¨ï¼Œéå¸¸æ„Ÿè¬è€é—†!', 'time': 1565930562}, {'author_name': 'Song Wei', 'author_url': 'https://www.google.com/maps/contrib/106707031635365678057/reviews', 'language': 'zh-Hant', 'profile_photo_url': 'https://lh6.ggpht.com/-pTAMeRLWcGo/AAAAAAAAAAI/AAAAAAAAAAA/xR8TN8Gos8Q/s128-c0x00000000-cc-rp-mo/photo.jpg', 'rating': 5, 'relative_time_description': '9 å€‹æœˆå‰', 'text': 'è€é—†äººå¾ˆå¥½ï¼Œé‚„æ•™æˆ‘å€‘æ€éº¼å¹«æ±½è»Šè¼ªèƒæ‰“æ°£~', 'time': 1565930175}, {'author_name': 'Circle Lin', 'author_url': 'https://www.google.com/maps/contrib/104902091116768123587/reviews', 'language': 'zh-Hant', 'profile_photo_url': 'https://lh5.ggpht.com/-RX_M1NPDzYo/AAAAAAAAAAI/AAAAAAAAAAA/7Utb92eEHkM/s128-c0x00000000-cc-rp-mo/photo.jpg', 'rating': 1, 'relative_time_description': '2 å¹´å‰', 'text': 'è«‹ä»–å€‘å¹«å¿™çœ‹èƒå£“,å«æˆ‘å€‘è‡ªå·±çŒé¢¨,å¦‚æœæˆ‘å€‘æœƒçš„è©±é‚„æ‰¾ä½ å€‘å¹¹å˜›ğŸ˜¡ğŸ˜¡ğŸ˜¡çœŸæ˜¯é€£ä¸€é¡†æ˜Ÿéƒ½ä¸æƒ³çµ¦', 'time': 1513941913}, {'author_name': 'ç¿', 'author_url': 'https://www.google.com/maps/contrib/101852442423405336906/reviews', 'language': 'zh-Hant', 'profile_photo_url': 'https://lh6.ggpht.com/-JyCb0EfCbF0/AAAAAAAAAAI/AAAAAAAAAAA/VJ1fXbYnCmk/s128-c0x00000000-cc-rp-mo/photo.jpg', 'rating': 5, 'relative_time_description': '9 å€‹æœˆå‰', 'text': 'å“è³ªå¾ˆå¥½', 'time': 1565431191}, {'author_name': 'éœ', 'author_url': 'https://www.google.com/maps/contrib/107206420422624962021/reviews', 'language': 'zh-Hant', 'profile_photo_url': 'https://lh5.ggpht.com/-d6UACrYC8Hk/AAAAAAAAAAI/AAAAAAAAAAA/uWjHbiohwHk/s128-c0x00000000-cc-rp-mo/photo.jpg', 'rating': 5, 'relative_time_description': '3 å€‹æœˆå‰', 'text': 'å„ªè‰¯è»Šå ´', 'time': 1581725019}]",GOOGLE,"['car_repair', 'point_of_interest', 'establishment']",https://maps.google.com/?cid=16811784185160130347,10.0,480,æ± ä¸Šé„‰æ…¶ç¦è·¯40è™Ÿ,,,,
"[{'long_name': '247', 'short_name': '247', 'types': ['street_number']}, {'long_name': 'æ–°ç”Ÿè·¯', 'short_name': 'æ–°ç”Ÿè·¯', 'types': ['route']}, {'long_name': 'æ± ä¸Šé„‰', 'short_name': 'æ± ä¸Šé„‰', 'types': ['administrative_area_level_3', 'political']}, {'long_name': 'å°æ±ç¸£', 'short_name': 'å°æ±ç¸£', 'types': ['administrative_area_level_2', 'political']}, {'long_name': 'å°ç£', 'short_name': 'TW', 'types': ['country', 'political']}, {'long_name': '958', 'short_name': '958', 'types': ['postal_code']}]","<span class=""postal-code"">958</span><span class=""country-name"">å°ç£</span><span class=""region"">å°æ±ç¸£</span><span class=""locality"">æ± ä¸Šé„‰</span><span class=""street-address"">æ–°ç”Ÿè·¯247è™Ÿ</span>",OPERATIONAL,958å°ç£å°æ±ç¸£æ± ä¸Šé„‰æ–°ç”Ÿè·¯247è™Ÿ,08 986 2309,"{'location': {'lat': 23.1236073, 'lng': 121.2190909}, 'viewport': {'northeast': {'lat': 23.1249336302915, 'lng': 121.2204592302915}, 'southwest': {'lat': 23.1222356697085, 'lng': 121.2177612697085}}}",https://maps.gstatic.com/mapfiles/place_api/icons/generic_business-71.png,d88296916ec3c2593f47163491064704dd2043c1,+886 8 986 2309,ä¿¡ä¸€å·¥ä½œæ‰€,ChIJI3DAV4oMbzQRkRPu3LKTjtQ,"{'compound_code': '46F9+CJ å°ç£å°æ±ç¸£æ± ä¸Šé„‰æ± ä¸Š', 'global_code': '7QM346F9+CJ'}",,ChIJI3DAV4oMbzQRkRPu3LKTjtQ,,GOOGLE,"['car_repair', 'point_of_interest', 'establishment']",https://maps.google.com/?cid=15316341779153687441,,480,æ± ä¸Šé„‰æ–°ç”Ÿè·¯247è™Ÿ,,,,
"[{'long_name': '154è™Ÿ', 'short_name': '154è™Ÿ', 'types': ['street_number']}, {'long_name': 'ä¸­å±±è·¯', 'short_name': 'ä¸­å±±è·¯', 'types': ['route']}, {'long_name': 'æ± ä¸Šé„‰', 'short_name': 'æ± ä¸Šé„‰', 'types': ['administrative_area_level_3', 'political']}, {'long_name': 'å°æ±ç¸£', 'short_name': 'å°æ±ç¸£', 'types': ['administrative_area_level_2', 'political']}, {'long_name': 'å°ç£', 'short_name': 'TW', 'types': ['country', 'political']}, {'long_name': '958', 'short_name': '958', 'types': ['postal_code']}]","<span class=""postal-code"">958</span><span class=""country-name"">å°ç£</span><span class=""region"">å°æ±ç¸£</span><span class=""locality"">æ± ä¸Šé„‰</span><span class=""street-address"">ä¸­å±±è·¯154è™Ÿ</span>",OPERATIONAL,958å°ç£å°æ±ç¸£æ± ä¸Šé„‰ä¸­å±±è·¯154è™Ÿ,08 986 3596,"{'location': {'lat': 23.122739, 'lng': 121.216174}, 'viewport': {'northeast': {'lat': 23.1241401802915, 'lng': 121.2174796302915}, 'southwest': {'lat': 23.1214422197085, 'lng': 121.2147816697085}}}",https://maps.gstatic.com/mapfiles/place_api/icons/generic_business-71.png,b375de0c875a2b83b47d7e18b44532989777ec96,+886 8 986 3596,é›„å³°æ©Ÿè»Šè¡Œ (æ©Ÿè»Šç¶­ä¿®),ChIJoxgY5mEMbzQRwP7qeDM1lM4,"{'compound_code': '46F8+3F å°ç£å°æ±ç¸£æ± ä¸Šé„‰ç¦åŸæ‘', 'global_code': '7QM346F8+3F'}",4.5,ChIJoxgY5mEMbzQRwP7qeDM1lM4,"[{'author_name': 'åŠ‰ä»¥æ–°', 'author_url': 'https://www.google.com/maps/contrib/104825802943748772887/reviews', 'language': 'zh-Hant', 'profile_photo_url': 'https://lh6.ggpht.com/-BHdQJVR-tUk/AAAAAAAAAAI/AAAAAAAAAAA/Qaxd1lPhU9U/s128-c0x00000000-cc-rp-mo-ba5/photo.jpg', 'rating': 5, 'relative_time_description': '3 å¹´å‰', 'text': 'å¹´è¼•è€é—†æœå‹™å¥½ï¼Œæ”¶è²»åˆåˆç†ï¼Œåˆå¯ç§Ÿè»Šï¼Œæ¨', 'time': 1487243550}, {'author_name': 'SVL ES', 'author_url': 'https://www.google.com/maps/contrib/105205767979155196246/reviews', 'language': 'zh-Hant', 'profile_photo_url': 'https://lh3.ggpht.com/-oiCm3VUJuPw/AAAAAAAAAAI/AAAAAAAAAAA/C4YwJW6VGAI/s128-c0x00000000-cc-rp-mo-ba5/photo.jpg', 'rating': 3, 'relative_time_description': '1 å¹´å‰', 'text': 'è€é—†è¦ªåˆ‡ï¼Œåƒ¹æ ¼å…¬é“', 'time': 1534773221}, {'author_name': 'åŠ‰ä¸–å ¯', 'author_url': 'https://www.google.com/maps/contrib/114853767748735697357/reviews', 'language': 'zh-Hant', 'profile_photo_url': 'https://lh4.ggpht.com/-1S3MalBr_HU/AAAAAAAAAAI/AAAAAAAAAAA/QIe22JNU3Pc/s128-c0x00000000-cc-rp-mo/photo.jpg', 'rating': 5, 'relative_time_description': '4 å¹´å‰', 'text': 'è®š', 'time': 1456283972}, {'author_name': 'æ½˜æœŸç™¼', 'author_url': 'https://www.google.com/maps/contrib/110957263660155512453/reviews', 'profile_photo_url': 'https://lh5.ggpht.com/-qoG69rChoRE/AAAAAAAAAAI/AAAAAAAAAAA/F0Fb2P9JoTM/s128-c0x00000000-cc-rp-mo/photo.jpg', 'rating': 5, 'relative_time_description': '3 å€‹æœˆå‰', 'text': '', 'time': 1579314611}, {'author_name': 'æµæµªå“‡ç­å“ª', 'author_url': 'https://www.google.com/maps/contrib/105670250545517791890/reviews', 'profile_photo_url': 'https://lh6.ggpht.com/-HuuO5GdJvGk/AAAAAAAAAAI/AAAAAAAAAAA/2oCNIJw9Ufo/s128-c0x00000000-cc-rp-mo/photo.jpg', 'rating': 5, 'relative_time_description': '2 å¹´å‰', 'text': '', 'time': 1504408001}]",GOOGLE,"['car_repair', 'point_of_interest', 'store', 'establishment']",https://maps.google.com/?cid=14885581163554602688,13.0,480,æ± ä¸Šé„‰ä¸­å±±è·¯154è™Ÿ,"{'open_now': True, 'periods': [{'close': {'day': 1, 'time': '2100'}, 'open': {'day': 1, 'time': '0800'}}, {'close': {'day': 2, 'time': '2100'}, 'open': {'day': 2, 'time': '0800'}}, {'close': {'day': 3, 'time': '2100'}, 'open': {'day': 3, 'time': '0800'}}, {'close': {'day': 4, 'time': '2100'}, 'open': {'day': 4, 'time': '0800'}}, {'close': {'day': 5, 'time': '2100'}, 'open': {'day': 5, 'time': '0800'}}, {'close': {'day': 6, 'time': '2100'}, 'open': {'day': 6, 'time': '0800'}}], 'weekday_text': ['æ˜ŸæœŸä¸€: 08:00 â€“ 21:00', 'æ˜ŸæœŸäºŒ: 08:00 â€“ 21:00', 'æ˜ŸæœŸä¸‰: 08:00 â€“ 21:00', 'æ˜ŸæœŸå››: 08:00 â€“ 21:00', 'æ˜ŸæœŸäº”: 08:00 â€“ 21:00', 'æ˜ŸæœŸå…­: 08:00 â€“ 21:00', 'æ˜ŸæœŸæ—¥: ä¼‘æ¯']}",,,
"[{'long_name': 'å¾·é«˜é‡Œ', 'short_name': 'å¾·é«˜é‡Œ', 'types': ['administrative_area_level_4', 'political']}, {'long_name': 'é—œå±±é®', 'short_name': 'é—œå±±é®', 'types': ['administrative_area_level_3', 'political']}, {'long_name': 'å°æ±ç¸£', 'short_name': 'å°æ±ç¸£', 'types': ['administrative_area_level_2', 'political']}, {'long_name': 'å°ç£', 'short_name': 'TW', 'types': ['country', 'political']}, {'long_name': '956', 'short_name': '956', 'types': ['postal_code']}]","<span class=""postal-code"">956</span><span class=""country-name"">å°ç£</span><span class=""region"">å°æ±ç¸£</span><span class=""locality"">é—œå±±é®</span>å¾·é«˜é‡Œ",OPERATIONAL,956å°ç£å°æ±ç¸£é—œå±±é®å¾·é«˜é‡Œ,08 993 1903,"{'location': {'lat': 23.0799066, 'lng': 121.1760382}, 'viewport': {'northeast': {'lat': 23.0812506302915, 'lng': 121.1774218802915}, 'southwest': {'lat': 23.0785526697085, 'lng': 121.1747239197085}}}",https://maps.gstatic.com/mapfiles/place_api/icons/generic_business-71.png,89e241a017449d29b583087bd0f2ba4339934ed8,+886 8 993 1903,ç¾©è±æ±½è»Šä¿é¤Šå» ,ChIJl0S4mtYLbzQRsNqc-0LkXqk,"{'compound_code': '35HG+XC å°ç£å°æ±ç¸£é—œå±±é®å¾·é«˜é‡Œ', 'global_code': '7QM335HG+XC'}",3.3,ChIJl0S4mtYLbzQRsNqc-0LkXqk,"[{'author_name': 'HANæ„›æ”', 'author_url': 'https://www.google.com/maps/contrib/101215378045577547166/reviews', 'profile_photo_url': 'https://lh6.ggpht.com/-Q3iqO8yh4Gc/AAAAAAAAAAI/AAAAAAAAAAA/1F0oiYVG9n0/s128-c0x00000000-cc-rp-mo-ba2/photo.jpg', 'rating': 2, 'relative_time_description': '1 å¹´å‰', 'text': '', 'time': 1545216015}, {'author_name': 'Weiyue Ten', 'author_url': 'https://www.google.com/maps/contrib/105303645680619685561/reviews', 'profile_photo_url': 'https://lh4.ggpht.com/-zySSynK9YTg/AAAAAAAAAAI/AAAAAAAAAAA/jpizaimDcVk/s128-c0x00000000-cc-rp-mo/photo.jpg', 'rating': 5, 'relative_time_description': '2 å¹´å‰', 'text': '', 'time': 1495988921}, {'author_name': 'po chen', 'author_url': 'https://www.google.com/maps/contrib/102605178186493715850/reviews', 'profile_photo_url': 'https://lh6.ggpht.com/-QpjO-2M9Jm0/AAAAAAAAAAI/AAAAAAAAAAA/dLNN5xqkwyo/s128-c0x00000000-cc-rp-mo-ba4/photo.jpg', 'rating': 3, 'relative_time_description': '10 å€‹æœˆå‰', 'text': '', 'time': 1562414056}]",GOOGLE,"['point_of_interest', 'establishment']",https://maps.google.com/?cid=12204443016560958128,3.0,480,é—œå±±é®å¾·é«˜é‡Œ,,"[{'height': 3456, 'html_attributions': ['<a href=""https://maps.google.com/maps/contrib/116923547304555078334"">Woodford Yang</a>'], 'photo_reference': 'CmRaAAAAntfvb32iPcR7y9j8d2trr4d8Io1-IsaI6WGiRuBo4Pn6PsrSG23EgdXsJKTOwYBPUoJ-ZYv_vP9Z1P6XAJfGX72VudnLGVlkH-t0yNg0L-3P4SJJ5y7I_poKVwThcESuEhBhDwxiXZwAHJRhkSoRfwOTGhRUXv4ZVyjr88OpQQl1PlWD0Uabbw', 'width': 4608}, {'height': 2322, 'html_attributions': ['<a href=""https://maps.google.com/maps/contrib/105251969895615001751"">ç‹ä¸­å£«</a>'], 'photo_reference': 'CmRaAAAAbr9qdzaLeBODcWixL7jpNuInD-kjFQEO5GUYTd_vDBL_7YtNafYB7a6ZyF9G_57jT4NrhzEBTq46TsnlIvwM1EX-LhhbuS5Lv4mOygc7XasiOANjPg2S1xFJR5iB1P3FEhA4coCJpM9j4FX8_fZl8VTjGhQHPXxk-r1GEfT98alXgLSk7aQl0A', 'width': 4128}]",,
"[{'long_name': '107è™Ÿ', 'short_name': '107è™Ÿ', 'types': ['premise']}, {'long_name': 'æ–°èˆˆ', 'short_name': 'æ–°èˆˆ', 'types': ['neighborhood', 'political']}, {'long_name': 'æ± ä¸Šé„‰', 'short_name': 'æ± ä¸Šé„‰', 'types': ['administrative_area_level_3', 'political']}, {'long_name': 'å°æ±ç¸£', 'short_name': 'å°æ±ç¸£', 'types': ['administrative_area_level_2', 'political']}, {'long_name': 'å°ç£', 'short_name': 'TW', 'types': ['country', 'political']}, {'long_name': '958', 'short_name': '958', 'types': ['postal_code']}]","<span class=""postal-code"">958</span><span class=""country-name"">å°ç£</span><span class=""region"">å°æ±ç¸£</span><span class=""locality"">æ± ä¸Šé„‰</span>107è™Ÿ",OPERATIONAL,958å°ç£å°æ±ç¸£æ± ä¸Šé„‰107è™Ÿ,08 986 1111,"{'location': {'lat': 23.1054966, 'lng': 121.1987344}, 'viewport': {'northeast': {'lat': 23.1067836802915, 'lng': 121.2000957302915}, 'southwest': {'lat': 23.1040857197085, 'lng': 121.1973977697085}}}",https://maps.gstatic.com/mapfiles/place_api/icons/lodging-71.png,4715f7700ea32e125558cfc6fa4410407173d23b,+886 8 986 1111,æ—¥æš‰åœ‹éš›æ¸¡å‡æ‘,ChIJSyxmtmUMbzQRY0lezXBcdbM,"{'compound_code': '454X+5F å°ç£å°æ±ç¸£æ± ä¸Šé„‰æ–°èˆˆ', 'global_code': '7QM3454X+5F'}",4.2,ChIJSyxmtmUMbzQRY0lezXBcdbM,"[{'author_name': 'å¼µæ·‘è¯', 'author_url': 'https://www.google.com/maps/contrib/115937544644121582463/reviews', 'language': 'zh-Hant', 'profile_photo_url': 'https://lh3.googleusercontent.com/a-/AOh14Ggg-AAPjDn57byS5TFSmbf49-_4kSRLGhOpWDBtAg=s128-c0x00000000-cc-rp-mo-ba4', 'rating': 5, 'relative_time_description': '1 å¹´å‰', 'text': 'æˆ¿é–¶æ˜äº®å¯¬æ•â‹¯é£¯åº—è¨­æ–½ä¹¾æ·¨', 'time': 1539758298}, {'author_name': 'å¼µéŒ¦èŠ±', 'author_url': 'https://www.google.com/maps/contrib/111315474481183761730/reviews', 'language': 'zh-Hant', 'profile_photo_url': 'https://lh3.googleusercontent.com/a-/AOh14GhdxzspW3n6iiayLcF4r0PetaTGFWf8UV1mwEcvrw=s128-c0x00000000-cc-rp-mo', 'rating': 5, 'relative_time_description': '1 å¹´å‰', 'text': 'å¾ˆæ£’ğŸ‘', 'time': 1546498743}, {'author_name': 'æ—å»ºå»·', 'author_url': 'https://www.google.com/maps/contrib/116658919612334931486/reviews', 'language': 'zh-Hant', 'profile_photo_url': 'https://lh3.googleusercontent.com/a-/AOh14GhQvWr0ILbpMJ1Ig4kyAIyVkQmj-8AY1aVyumdOLQ=s128-c0x00000000-cc-rp-mo-ba4', 'rating': 5, 'relative_time_description': '2 å¹´å‰', 'text': 'æœå‹™å¾ˆä¸éŒ¯ğŸ‘', 'time': 1524550470}, {'author_name': 'æ—è±æ± ', 'author_url': 'https://www.google.com/maps/contrib/117360133645000048409/reviews', 'language': 'zh-Hant', 'profile_photo_url': 'https://lh5.googleusercontent.com/-kRFtR2737Vk/AAAAAAAAAAI/AAAAAAAAAAA/AMZuucnKnbe67rDCkLETry1BBeKvtHCh_A/s128-c0x00000000-cc-rp-mo/photo.jpg', 'rating': 5, 'relative_time_description': '1 å¹´å‰', 'text': ""''"", 'time': 1547731147}, {'author_name': 'é™³ç¥è‡»', 'author_url': 'https://www.google.com/maps/contrib/109921337619173717598/reviews', 'language': 'zh-Hant', 'profile_photo_url': 'https://lh3.googleusercontent.com/-fQn3gg-WZW0/AAAAAAAAAAI/AAAAAAAAAAA/AMZuuckIHcszYAnP-QbkmTw73c36PIxpLw/s128-c0x00000000-cc-rp-mo-ba3/photo.jpg', 'rating': 4, 'relative_time_description': '2 å€‹æœˆå‰', 'text': 'å…¥ä½æ—¥è¼åœ‹éš›åº¦å‡æ‘çš„Airstreaméœ²ç‡Ÿè»Šä¸€æ™šï¼Œä¸€å°è»Šæ˜¯$6000/æ™šï¼Œå¯ä»¥ç¡å…©å€‹äººï¼ŒåŒ…å«é£¯åº—æä¾›çš„è‡ªåŠ©å¼æ—©é¤ï¼Œæ™šé¤è‡ªè¡Œè™•ç†ï¼Œå¦å¤–å¯ä»¥äº«ç”¨é£¯åº—å…§çš„è¨­æ–½ã€‚\n\néœ²ç‡Ÿè»Šï¼Œå®Œç¾100åˆ†ã€‚\næ¯å°éœ²ç‡Ÿè»Šéƒ½æœ‰è‡ªå·±çš„ä¸€å€‹å°ç©ºåœ°ï¼Œæ”¾è‘—æ¡Œå­ã€æ¤…å­ã€ç¢³çƒ¤çˆï¼Œå¯ä»¥çƒ¤è‚‰åƒï¼Œå’Œåˆ¥å°è»Šçš„è·é›¢ä¹Ÿä¸æœƒå¤ªè¿‘ï¼Œå¤–é¢æœ‰å°ç‡ˆï¼Œæ™šä¸Šä¹Ÿä¸æœƒå¤ªæš—ã€‚\néœ²ç‡Ÿè»Šå…§çš„è¨­å‚™å¾ˆé½Šå…¨ï¼Œæœç„¶æ˜¯Airstreamï¼ŒåºŠã€æ²™ç™¼ã€æ¡Œå­ã€é›»ç£çˆã€å†°ç®±(è£¡é¢æœ‰æ”¾ç¤¦æ³‰æ°´ å¯ä»¥å– æœ‰æ™‚å€™å¯èƒ½æœƒæœ‰é»ä¸å†°)ã€å»æ‰€ã€æµ´å®¤(è¦ºå¾—ç©ºé–“å°å¯ä»¥å»æº«æ³‰å€çš„æµ´å®¤æ´—æ¾¡æ˜¯å…è²»çš„)é‚„æœ‰éœ²ç‡Ÿç‡ˆï¼Œå°±åƒä¸€å€‹å®¶ä¸€æ¨£ã€‚\né£¯åº—é‚„è²¼å¿ƒåœ°æº–å‚™äº†ä¸€äº›é‹ç¢—ç“¢ç›†ï¼Œæƒ³ç…®ç«é‹ä¹Ÿå¯ä»¥ï¼Œä½†æœ‰äº›é‚„æ˜¯è‡ªå·±å¸¶æ¯”è¼ƒä¿éšªã€‚\n\næœ€æ£’çš„æ˜¯ä¸­åº­çš„æ¸¸æ³³æ± ï¼Œå¾ˆå¤§ã€å¾ˆèˆ’æœï¼Œè¦ç©æ°´å¯ä»¥å»æ·ºä¸€é»çš„ï¼Œæƒ³è¦æ·±ä¸€é»çš„ä¹Ÿæœ‰ï¼Œå› ç‚ºæˆ‘å€‘æ˜¯æ™šä¸Šå»çš„ï¼Œæ‰€ä»¥å¹¾ä¹æ²’ç”šéº¼äººï¼Œå¯ä»¥èªªæ˜¯åŒ…å ´äº†ã€‚\n\nå› ç‚ºçƒ¤è‚‰å’Œç…®æ±è¥¿èŠ±äº†æ¯”è¼ƒå¤šçš„æ™‚é–“ï¼Œå…¶ä»–è¨­æ–½æˆ‘å€‘å°±æ²’æœ‰å»äº†ex:æ³¡æº«æ³‰éœ€è‡ªè²»$350ï¼Œå› ç‚ºçœ‹èµ·ä¾†é‚„æ»¿æ™®é€šçš„ã€‚\n\nç¡¬é«”è¨­å‚™éƒ½å¾ˆæ£’ï¼Œä½†æ˜¯æœå‹™äººå“¡çš„æœå‹™å“è³ªä¸€èˆ¬èˆ¬ï¼Œå¾Œä¾†ä¸Šç¶²æŸ¥äº†ä¸€ä¸‹ï¼Œæ—¥æš‰æ˜¯ä¸‰æ˜Ÿç´šé£¯åº—ï¼Œé‚£é‚„ç®—æ˜¯æƒ…æœ‰å¯åŸï¼Œç¸½é«”ä¾†èªªæ˜¯é‚„æ»¿ä¸éŒ¯çš„ä½å®¿ç¶“é©—ï¼Œä¾†çœ‹çœ‹è¶…è±ªè¯éœ²ç‡Ÿè»Šã€‚\n\næ—é‚Šå°±æ˜¯ä¼¯æœ—å¤§é“ï¼Œå¯ä»¥ç§Ÿè…³è¸è»Šå»èµ°èµ°é€›é€›ï¼Œå¾ˆèˆ’æœã€‚', 'time': 1583396164}]",GOOGLE,"['lodging', 'point_of_interest', 'establishment']",https://maps.google.com/?cid=12931343544615848291,3406.0,480,æ± ä¸Šé„‰107è™Ÿ,"{'open_now': True, 'periods': [{'open': {'day': 0, 'time': '0000'}}], 'weekday_text': ['æ˜ŸæœŸä¸€: 24 å°æ™‚ç‡Ÿæ¥­', 'æ˜ŸæœŸäºŒ: 24 å°æ™‚ç‡Ÿæ¥­', 'æ˜ŸæœŸä¸‰: 24 å°æ™‚ç‡Ÿæ¥­', 'æ˜ŸæœŸå››: 24 å°æ™‚ç‡Ÿæ¥­', 'æ˜ŸæœŸäº”: 24 å°æ™‚ç‡Ÿæ¥­', 'æ˜ŸæœŸå…­: 24 å°æ™‚ç‡Ÿæ¥­', 'æ˜ŸæœŸæ—¥: 24 å°æ™‚ç‡Ÿæ¥­']}","[{'height': 1382, 'html_attributions': ['<a href=""https://maps.google.com/maps/contrib/107327622111131382023"">æ—¥æš‰åœ‹éš›æ¸¡å‡æ‘-å°æ±æ± ä¸Š</a>'], 'photo_reference': 'CmRaAAAAA351eKtsVuWkGs4ZWiyZFf9T3OxEajF8DnBkJTb9eXhAftvUUIzUw4TkCIIXj1yRUg10BhYDEb7H8cwoQEcJcWeDVntAxcZFMlLI3k43O38UqrAnQqh16UjeY4tZ8ZwDEhB3i4cZpLor2c78qVCl3toEGhRUPoHt0tjXexQNuotWrnzp-kH4ew', 'width': 2048}, {'height': 1536, 'html_attributions': ['<a href=""https://maps.google.com/maps/contrib/106672023913129949049"">å°å‰</a>'], 'photo_reference': 'CmRaAAAAwl890d7q_3sErwGkGaepSpOk0loiUTcr8M6S8Sj7qbcJ1ritzQ64JSygAgQsfmq-W1bMRXnGtvScOrVhWXAhs-zd58Dwr_cpPkIXGNcu13RpJEaz52AArccuxn94bHxIEhAdw6FUixvOjQBGzTl1FgjeGhSXfxplM_k1m6LLGn1kb54M0DYBDg', 'width': 2048}, {'height': 720, 'html_attributions': ['<a href=""https://maps.google.com/maps/contrib/117887404414256818267"">å¼µèªŒåœ»</a>'], 'photo_reference': 'CmRaAAAAyxe53_XAwiU9lTMr7qNTvX8x8BoXHl2JQGRpCRJceZ0jpPjFzU5X1LZDpCkvycSg1ViuOvQyymFlIPMqHhuOELY4gZ3663FuFarFe6MJjR9Rb6_smwEG7B6yqpsvp1m1EhBpp8QIHHKqNwSvKphkQSE4GhSOHXnYLJXPESR9KMJP0p8WnkWaww', 'width': 1280}, {'height': 2322, 'html_attributions': ['<a href=""https://maps.google.com/maps/contrib/101621991175505316339"">é™³éš†å¿ </a>'], 'photo_reference': 'CmRaAAAAt-MNApP3gb4sZibZG-4sT5gB18HKolRayxbkuaOvuyflmKObKZtauIJ3D8aL8w4vM79V6grgH49m6vxnXybQypgQRKDKuyzgEzDbT6gTJemHF4jWzUfByneMH92wZvRNEhDHE8ekwliL_kgQyQ4OTL6GGhQhQ0RftevVP1hMK48KpQ2TP6VpVg', 'width': 4128}, {'height': 3264, 'html_attributions': ['<a href=""https://maps.google.com/maps/contrib/112015519091998030643"">david wang</a>'], 'photo_reference': 'CmRaAAAAZVro8-PygHXIYV8vaeZlqXf6l6L_nFZHOzBYPgLCG9yy0-IuQEEaDy1CZaIIj7RBe-wzcIY9Sz2jxgquH7qfsKtWu3bMrdTUtbPMkPeTXl-kyrMu2bJowkaxL_nCR6j9EhBpNkDhXNyL4_XoboXHgXv0GhTcSwa_iuTIW33KQvm5iFFrxZYp4A', 'width': 4912}, {'height': 3024, 'html_attributions': ['<a href=""https://maps.google.com/maps/contrib/117026795160379580320"">Mayi Liu</a>'], 'photo_reference': 'CmRaAAAAuuTQks6uvnF4lcwoHcXoLjjixxFxPQHe_eZtPn8DMb8-r8xL5GaZlMUZ88IDIbJsPCGLsEpQipZ6tHHXgQm-FTkXndLow8vZa0Eel7rIsLO75fyVFwTEeqbbzhgxlLSlEhC9ZIxgGL-s09RoDMfVT-iAGhSU2BnfwBHJUWja8n01Dat3FI8SqQ', 'width': 4032}, {'height': 2988, 'html_attributions': ['<a href=""https://maps.google.com/maps/contrib/105729399048138029528"">æ—å»ºé¾</a>'], 'photo_reference': 'CmRaAAAAvVfYeeLcFBZgFrLfyr5pCbDXYiEX7oimJy_XKF9y83Tm3ObbEkmT7iU2F7srx2bGtqdE_W4n3pghQ9N8vhSyifsxvN3USETrIAnjTBvJ-YKcwcVEJIvZO5bIEpW8gvZWEhAxhrIQStef4ckX8zA374k2GhSUF3SroOWHijk0i2Km37ROaCOm8A', 'width': 5312}, {'height': 3024, 'html_attributions': ['<a href=""https://maps.google.com/maps/contrib/114007947062696598523"">CHAO Jenn-Fu</a>'], 'photo_reference': 'CmRaAAAAFFQ_b82yuy4jIVqe45nZzVclTz1vIKEG174YuSzUvi143RHlsN4PtZrZLIjQLKkUZKsulPoC7pCosx8PPv422gnIAXiGAlsKTVLF00B6I2Ll9rzF87RhbuxWLV3CkcZMEhAYEWmgk4SvJLX_2B0MAoQGGhTgkt7ANlgDVoB74q_0Vo1tGrYuAw', 'width': 4032}, {'height': 3840, 'html_attributions': ['<a href=""https://maps.google.com/maps/contrib/104999434298981691930"">è¶™æ³“è³¢</a>'], 'photo_reference': 'CmRaAAAAih5a4xRX_fRzJdjpQc2WkOEn4j6Wnw-8sAsDGizHPUFCptbyiZAsmUSzv2BYbB9AdQJQGlV5SklcBW4ZqqygEgjx_F75P9cjoIGymtwK_a59ngQn8E9ER5Tw7aiofkf3EhBOTi9-w4Gn3WOyKyfCInu5GhRlu3G1hl9mHUHGbTXVXNtr_E-A3g', 'width': 5760}, {'height': 3024, 'html_attributions': ['<a href=""https://maps.google.com/maps/contrib/117432248609366814155"">Cheng-Lung Sung</a>'], 'photo_reference': 'CmRaAAAADOc2zve4zOjR63f-qh7raGrMi_tvkpfdllLqi9q2V6YF2D9V90F2F0wQADm1xouE5sHn-NNP5vhzlOEhJwEXi0_YTAVPdKPG8OtNf-Kyrt8wMJ1NukyPMI-OxrF9wDnbEhA0B4AiXJOIZu_m7rgAo6oUGhTfUAOhfggf9AZqVwLDMllkC52ryw', 'width': 4032}]",http://www.papago-resort.com/taitung/welcome.html,
"[{'long_name': '103ä¹‹1è™Ÿ', 'short_name': '103ä¹‹1è™Ÿ', 'types': ['street_number']}, {'long_name': 'ä¸­å±±è·¯', 'short_name': 'ä¸­å±±è·¯', 'types': ['route']}, {'long_name': 'æ± ä¸Šé„‰', 'short_name': 'æ± ä¸Šé„‰', 'types': ['administrative_area_level_3', 'political']}, {'long_name': 'å°æ±ç¸£', 'short_name': 'å°æ±ç¸£', 'types': ['administrative_area_level_2', 'political']}, {'long_name': 'å°ç£', 'short_name': 'TW', 'types': ['country', 'political']}, {'long_name': '958', 'short_name': '958', 'types': ['postal_code']}]","<span class=""postal-code"">958</span><span class=""country-name"">å°ç£</span><span class=""region"">å°æ±ç¸£</span><span class=""locality"">æ± ä¸Šé„‰</span><span class=""street-address"">ä¸­å±±è·¯103ä¹‹1è™Ÿ</span>",OPERATIONAL,958å°ç£å°æ±ç¸£æ± ä¸Šé„‰ä¸­å±±è·¯103ä¹‹1è™Ÿ,08 986 1636,"{'location': {'lat': 23.12256289999999, 'lng': 121.2152895}, 'viewport': {'northeast': {'lat': 23.1238221802915, 'lng': 121.2167188302915}, 'southwest': {'lat': 23.1211242197085, 'lng': 121.2140208697085}}}",https://maps.gstatic.com/mapfiles/place_api/icons/shopping-71.png,b1aca0017e936d2491e20753ba10c14f7ad2a000,+886 8 986 1636,ç¥è…¦åœ‹éš›,ChIJqYtd7WEMbzQRKtBq46UHAKc,"{'compound_code': '46F8+24 å°ç£å°æ±ç¸£æ± ä¸Šé„‰ç¦åŸæ‘', 'global_code': '7QM346F8+24'}",3.5,ChIJqYtd7WEMbzQRKtBq46UHAKc,"[{'author_name': 'é»ƒè‚‡å€«', 'author_url': 'https://www.google.com/maps/contrib/114036644367340408422/reviews', 'profile_photo_url': 'https://lh4.ggpht.com/-eKEr5vwWnbY/AAAAAAAAAAI/AAAAAAAAAAA/DQ_zf1fVXgo/s128-c0x00000000-cc-rp-mo-ba3/photo.jpg', 'rating': 4, 'relative_time_description': '1 å¹´å‰', 'text': '', 'time': 1534349822}, {'author_name': 'å¨å¼·åŠ‰', 'author_url': 'https://www.google.com/maps/contrib/101884606400016431369/reviews', 'profile_photo_url': 'https://lh4.ggpht.com/-O5yBuQX3qgc/AAAAAAAAAAI/AAAAAAAAAAA/36WC53P5iAw/s128-c0x00000000-cc-rp-mo/photo.jpg', 'rating': 3, 'relative_time_description': '11 å€‹æœˆå‰', 'text': '', 'time': 1559183122}]",GOOGLE,"['electronics_store', 'point_of_interest', 'store', 'establishment']",https://maps.google.com/?cid=12033626613400391722,2.0,480,æ± ä¸Šé„‰ä¸­å±±è·¯103ä¹‹1è™Ÿ,"{'open_now': False, 'periods': [{'close': {'day': 3, 'time': '1730'}, 'open': {'day': 3, 'time': '0830'}}, {'close': {'day': 5, 'time': '1730'}, 'open': {'day': 5, 'time': '0830'}}], 'weekday_text': ['æ˜ŸæœŸä¸€: ä¼‘æ¯', 'æ˜ŸæœŸäºŒ: ä¼‘æ¯', 'æ˜ŸæœŸä¸‰: 08:30 â€“ 17:30', 'æ˜ŸæœŸå››: ä¼‘æ¯', 'æ˜ŸæœŸäº”: 08:30 â€“ 17:30', 'æ˜ŸæœŸå…­: ä¼‘æ¯', 'æ˜ŸæœŸæ—¥: ä¼‘æ¯']}",,https://www.senao.com.tw/,
"[{'long_name': '264è™Ÿ', 'short_name': '264è™Ÿ', 'types': ['street_number']}, {'long_name': 'æ–°ç”Ÿè·¯', 'short_name': 'æ–°ç”Ÿè·¯', 'types': ['route']}, {'long_name': 'æ± ä¸Šé„‰', 'short_name': 'æ± ä¸Šé„‰', 'types': ['administrative_area_level_3', 'political']}, {'long_name': 'å°æ±ç¸£', 'short_name': 'å°æ±ç¸£', 'types': ['administrative_area_level_2', 'political']}, {'long_name': 'å°ç£', 'short_name': 'TW', 'types': ['country', 'political']}, {'long_name': '958', 'short_name': '958', 'types': ['postal_code']}]","<span class=""postal-code"">958</span><span class=""country-name"">å°ç£</span><span class=""region"">å°æ±ç¸£</span><span class=""locality"">æ± ä¸Šé„‰</span><span class=""street-address"">æ–°ç”Ÿè·¯264è™Ÿ</span>",OPERATIONAL,958å°ç£å°æ±ç¸£æ± ä¸Šé„‰æ–°ç”Ÿè·¯264è™Ÿ,08 986 2346,"{'location': {'lat': 23.1254219, 'lng': 121.2214549}, 'viewport': {'northeast': {'lat': 23.1267980302915, 'lng': 121.2227774802915}, 'southwest': {'lat': 23.1241000697085, 'lng': 121.2200795197085}}}",https://maps.gstatic.com/mapfiles/place_api/icons/generic_business-71.png,fb4831fc05f38e75a6222e081547745c107053b2,+886 8 986 2346,å®æ˜Œä¿é¤Šå» ,ChIJh9KYSIsMbzQRQuRyzh4_-IY,"{'compound_code': '46GC+5H å°ç£å°æ±ç¸£æ± ä¸Šé„‰ç¦åŸæ‘', 'global_code': '7QM346GC+5H'}",3.0,ChIJh9KYSIsMbzQRQuRyzh4_-IY,"[{'author_name': 'jack yen', 'author_url': 'https://www.google.com/maps/contrib/106225106172521527454/reviews', 'language': 'zh-Hant', 'profile_photo_url': 'https://lh3.ggpht.com/-miVoYIswqtQ/AAAAAAAAAAI/AAAAAAAAAAA/rIkZSCsoLPA/s128-c0x00000000-cc-rp-mo-ba6/photo.jpg', 'rating': 3, 'relative_time_description': '1 å¹´å‰', 'text': 'æ±½ä¿®å» ', 'time': 1540743281}]",GOOGLE,"['car_repair', 'point_of_interest', 'establishment']",https://maps.google.com/?cid=9725592796851790914,1.0,480,æ± ä¸Šé„‰æ–°ç”Ÿè·¯264è™Ÿ,,,,
"[{'long_name': 'è™Ÿ', 'short_name': 'è™Ÿ', 'types': ['subpremise']}, {'long_name': 'æ–°èˆˆ', 'short_name': 'æ–°èˆˆ', 'types': ['neighborhood', 'political']}, {'long_name': 'æ± ä¸Šé„‰', 'short_name': 'æ± ä¸Šé„‰', 'types': ['administrative_area_level_3', 'political']}, {'long_name': 'å°æ±ç¸£', 'short_name': 'å°æ±ç¸£', 'types': ['administrative_area_level_2', 'political']}, {'long_name': 'å°ç£', 'short_name': 'TW', 'types': ['country', 'political']}, {'long_name': '958', 'short_name': '958', 'types': ['postal_code']}]","è™Ÿ, <span class=""locality"">æ± ä¸Šé„‰</span><span class=""region"">å°æ±ç¸£</span><span class=""country-name"">å°ç£</span> <span class=""postal-code"">958</span>",OPERATIONAL,"è™Ÿ, æ± ä¸Šé„‰å°æ±ç¸£å°ç£ 958",08 986 4812,"{'location': {'lat': 23.11365769999999, 'lng': 121.2075502}, 'viewport': {'northeast': {'lat': 23.1150780302915, 'lng': 121.2089117802915}, 'southwest': {'lat': 23.11238006970849, 'lng': 121.2062138197085}}}",https://maps.gstatic.com/mapfiles/place_api/icons/generic_business-71.png,3abb8c276d8afc7d0da4a31a5f2612d4a3d13c04,+886 8 986 4812,å¥å€«ä¼æ¥­ç¤¾,ChIJq6qqqjsMbzQRkjk1zuo27vI,"{'compound_code': '4675+F2 å°ç£å°æ±ç¸£æ± ä¸Šé„‰æ–°èˆˆ', 'global_code': '7QM34675+F2'}",4.8,ChIJq6qqqjsMbzQRkjk1zuo27vI,"[{'author_name': 'è˜‡å°ç¾½', 'author_url': 'https://www.google.com/maps/contrib/115386180743833901636/reviews', 'language': 'zh-Hant', 'profile_photo_url': 'https://lh4.ggpht.com/-lIkzsHCSZec/AAAAAAAAAAI/AAAAAAAAAAA/ylT605GrnTk/s128-c0x00000000-cc-rp-mo/photo.jpg', 'rating': 5, 'relative_time_description': '1 å¹´å‰', 'text': 'æœå‹™å¥½çš„å„ªè³ªæ±½è»Šä¿é¤Šå•†è¡Œ', 'time': 1548921163}, {'author_name': 'æ½˜å®œç½„', 'author_url': 'https://www.google.com/maps/contrib/109228284227995045445/reviews', 'language': 'zh-Hant', 'profile_photo_url': 'https://lh4.ggpht.com/-MPJku17HU3s/AAAAAAAAAAI/AAAAAAAAAAA/eBum4g5Te7c/s128-c0x00000000-cc-rp-mo/photo.jpg', 'rating': 5, 'relative_time_description': '1 å¹´å‰', 'text': 'ç¶­ä¿®', 'time': 1538412704}, {'author_name': 'é»ƒè‚‡å€«', 'author_url': 'https://www.google.com/maps/contrib/114036644367340408422/reviews', 'profile_photo_url': 'https://lh4.ggpht.com/-eKEr5vwWnbY/AAAAAAAAAAI/AAAAAAAAAAA/DQ_zf1fVXgo/s128-c0x00000000-cc-rp-mo-ba3/photo.jpg', 'rating': 5, 'relative_time_description': '1 å¹´å‰', 'text': '', 'time': 1550132276}, {'author_name': 'é»ƒæƒ éŠ˜', 'author_url': 'https://www.google.com/maps/contrib/107439516160707352865/reviews', 'profile_photo_url': 'https://lh6.ggpht.com/-drSN1771Jqg/AAAAAAAAAAI/AAAAAAAAAAA/0xGpDJcj2j8/s128-c0x00000000-cc-rp-mo-ba4/photo.jpg', 'rating': 5, 'relative_time_description': '2 å€‹æœˆå‰', 'text': '', 'time': 1582522115}, {'author_name': 'ç‹è©©æ¶µ', 'author_url': 'https://www.google.com/maps/contrib/115545811531058298475/reviews', 'profile_photo_url': 'https://lh3.ggpht.com/-8_oi11silBo/AAAAAAAAAAI/AAAAAAAAAAA/jNKh8QxwX_g/s128-c0x00000000-cc-rp-mo-ba4/photo.jpg', 'rating': 4, 'relative_time_description': '1 å¹´å‰', 'text': '', 'time': 1557187210}]",GOOGLE,"['point_of_interest', 'establishment']",https://maps.google.com/?cid=17504989183745538450,6.0,480,"è™Ÿ, æ± ä¸Šé„‰",,"[{'height': 2160, 'html_attributions': ['<a href=""https://maps.google.com/maps/contrib/102665301920984083652"">é»ä¿Šæˆ</a>'], 'photo_reference': 'CmRaAAAAI-YOpQPInNM9_Q_7SA6zAhrawHs6_9k9RCEey4SG77TGf3MVKz6CCO_cF1mY9OlCIuTaJ_YRjd-v3th5HmqCSKMRDp-osZYMEWA_tM5lksD3KxHmspsMmf2a2BHxdmBrEhA8u6w8dP1fcgzGt4ickRYnGhSIXYhHBTou55S-fWIzMljdsqGwpQ', 'width': 3840}, {'height': 540, 'html_attributions': ['<a href=""https://maps.google.com/maps/contrib/102665301920984083652"">é»ä¿Šæˆ</a>'], 'photo_reference': 'CmRaAAAALtR4P22wMWvy5fXNimZ5Wqq7uibIXNv7LiyTpELvMTEGgJ3iUOuRll55CYv7eyatrqjx0LsAIF6fy-yFoDvp-CLxFg18V8TlDttFb_lH79Le1BX7AQZza_0QMFs940rhEhArJk8Re4lu3Kj2IWCgHf6GGhReAV_fAsjjZrhex7wfUz_nkPq_Og', 'width': 960}]",,
"[{'long_name': '33è™Ÿ', 'short_name': '33è™Ÿ', 'types': ['street_number']}, {'long_name': 'å¤§åŒè·¯', 'short_name': 'å¤§åŒè·¯', 'types': ['route']}, {'long_name': 'æ± ä¸Šé„‰', 'short_name': 'æ± ä¸Šé„‰', 'types': ['administrative_area_level_3', 'political']}, {'long_name': 'å°æ±ç¸£', 'short_name': 'å°æ±ç¸£', 'types': ['administrative_area_level_2', 'political']}, {'long_name': 'å°ç£', 'short_name': 'TW', 'types': ['country', 'political']}, {'long_name': '958', 'short_name': '958', 'types': ['postal_code']}]","<span class=""postal-code"">958</span><span class=""country-name"">å°ç£</span><span class=""region"">å°æ±ç¸£</span><span class=""locality"">æ± ä¸Šé„‰</span><span class=""street-address"">å¤§åŒè·¯33è™Ÿ</span>",OPERATIONAL,958å°ç£å°æ±ç¸£æ± ä¸Šé„‰å¤§åŒè·¯33è™Ÿ,08 986 2490,"{'location': {'lat': 23.12661199999999, 'lng': 121.217836}, 'viewport': {'northeast': {'lat': 23.12795473029151, 'lng': 121.2191764302915}, 'southwest': {'lat': 23.1252567697085, 'lng': 121.2164784697085}}}",https://maps.gstatic.com/mapfiles/place_api/icons/generic_business-71.png,6ded5daa7d709d3bdf12b053145e71542f6e7144,+886 8 986 2490,ä¸‰é™½æ©Ÿè»Š(ç¾©èˆˆæ©Ÿè»Šè¡Œ),ChIJZxVKs4oMbzQRBkGlg7n-p_c,"{'compound_code': '46G9+J4 å°ç£å°æ±ç¸£æ± ä¸Šé„‰ç¦æ–‡æ‘', 'global_code': '7QM346G9+J4'}",4.5,ChIJZxVKs4oMbzQRBkGlg7n-p_c,"[{'author_name': 'æ­å°è‚²', 'author_url': 'https://www.google.com/maps/contrib/115239053413538567961/reviews', 'language': 'zh-Hant', 'profile_photo_url': 'https://lh3.ggpht.com/-Kpr8PJQCruk/AAAAAAAAAAI/AAAAAAAAAAA/9HCAVBQ85lw/s128-c0x00000000-cc-rp-mo-ba3/photo.jpg', 'rating': 4, 'relative_time_description': '1 å¹´å‰', 'text': 'è€é—†æŠ€è¡“å¾ˆå¥½ï¼Œä¹Ÿä¸æœƒäº‚æŠ¬åƒ¹', 'time': 1550494805}, {'author_name': 'å‘‚æ‰¿ç¿°', 'author_url': 'https://www.google.com/maps/contrib/103740571436179070838/reviews', 'language': 'zh-Hant', 'profile_photo_url': 'https://lh3.ggpht.com/-3i9FtXeMVz4/AAAAAAAAAAI/AAAAAAAAAAA/o5f2zAFiKo0/s128-c0x00000000-cc-rp-mo/photo.jpg', 'rating': 5, 'relative_time_description': '3 å¹´å‰', 'text': 'è€é—†å¾ˆç†±å¿ƒï¼Œäººå¾ˆå¥½ï¼Œæ¨', 'time': 1475998712}]",GOOGLE,"['point_of_interest', 'establishment']",https://maps.google.com/?cid=17845512121209929990,2.0,480,æ± ä¸Šé„‰å¤§åŒè·¯33è™Ÿ,,,,
"[{'long_name': '58ä¹‹1è™Ÿ', 'short_name': '58ä¹‹1è™Ÿ', 'types': ['street_number']}, {'long_name': 'å¤ªå¹³å··', 'short_name': 'å¤ªå¹³å··', 'types': ['route']}, {'long_name': 'å¤§åŒé„‰', 'short_name': 'å¤§åŒé„‰', 'types': ['administrative_area_level_3', 'political']}, {'long_name': 'å®œè˜­ç¸£', 'short_name': 'å®œè˜­ç¸£', 'types': ['administrative_area_level_2', 'political']}, {'long_name': 'å°ç£', 'short_name': 'TW', 'types': ['country', 'political']}, {'long_name': '267', 'short_name': '267', 'types': ['postal_code']}]","<span class=""postal-code"">267</span><span class=""country-name"">å°ç£</span><span class=""region"">å®œè˜­ç¸£</span><span class=""locality"">å¤§åŒé„‰</span><span class=""street-address"">å¤ªå¹³å··58ä¹‹1è™Ÿ</span>",OPERATIONAL,267å°ç£å®œè˜­ç¸£å¤§åŒé„‰å¤ªå¹³å··58ä¹‹1è™Ÿ,03 980 9806,"{'location': {'lat': 24.49772399999999, 'lng': 121.5350318}, 'viewport': {'northeast': {'lat': 24.4990453302915, 'lng': 121.5363045802915}, 'southwest': {'lat': 24.4963473697085, 'lng': 121.5336066197085}}}",https://maps.gstatic.com/mapfiles/place_api/icons/generic_recreational-71.png,a59f6c9a40e3a851f85b9255feeefef41ce5a581,+886 3 980 9806,å¤ªå¹³å±±åœ‹å®¶æ£®æ—éŠæ¨‚å€,ChIJ_TaOy7JwaDQRFf4T-zm2dqo,"{'compound_code': 'FGXP+32 å°ç£å®œè˜­ç¸£å—æ¾³é„‰é‡‘æ´‹æ‘', 'global_code': '7QP3FGXP+32'}",4.4,ChIJ_TaOy7JwaDQRFf4T-zm2dqo,"[{'author_name': 'Tony Tsai', 'author_url': 'https://www.google.com/maps/contrib/116377682915983616935/reviews', 'language': 'zh-Hant', 'profile_photo_url': 'https://lh6.ggpht.com/-3PIfj8nyQwk/AAAAAAAAAAI/AAAAAAAAAAA/Xf7z47HdZAo/s128-c0x00000000-cc-rp-mo-ba4/photo.jpg', 'rating': 5, 'relative_time_description': '3 å€‹æœˆå‰', 'text': 'æ˜¥ç¯€æ—…éŠæ­£å¥½é‡ä¸Šå¯’æµï¼Œå¤ªå¹³å±±çš„æº«åº¦é™åˆ°1åº¦ï¼Œå¤œé–“æº«åº¦ç”šè‡³ä½æ–¼é›¶ä¸‹ã€‚å†·å†½çš„æº«åº¦å¸¶ä¾†æ ¼å¤–æ¸…æ–°çš„ç©ºæ°£ï¼Œæˆ–è¨±æ˜¯ä½æº«æˆ–è¨±æ˜¯é«˜å±±çš„å¤§ç‰‡æ£®æ—ï¼Œåœ¨éƒ½å¸‚ä¸­é›£å¾—ä¸€è¦‹æ¹›è—çš„å¤©ç©ºè®“é«˜å±±çš„ä½æº«ç’°å¢ƒï¼Œå¯ä»¥ç›´æ¥æ„Ÿå—åˆ°æº«æš–çš„é™½å…‰ã€‚ç•¶ç„¶ï¼Œæ‹å‡ºä¾†çš„ç…§ç‰‡çœŸæ˜¯ç¾çš„ä¸è¦ä¸è¦çš„ã€‚\né€™æ¬¡åªæ˜¯è¼•é¬†çš„æ¼«æ­¥ç’°ç‹€æ£®æ—æ­¥é“ï¼ŒçŸ­çŸ­çš„480å…¬å°ºï¼Œç’°å¢ƒæ¸…å¹½åŸå§‹ï¼Œç¢ºèƒ½åœ¨å¤©ç„¶çš„ç’°å¢ƒä¸­å»ºæ§‹å‡ºå¥½èµ°åˆç¾è§€çš„æœ¨æ£§é“ã€‚éŠæ¨‚å€çš„ç”¨å¿ƒå»ºè¨­å’Œç¶­è­·å€¼å¾—è®šè³ã€‚å¦‚æœå¤§å®¶æœ‰æ›´å¤šæ™‚é–“ï¼Œä¸€å®šè¦å¤šèµ°å¹¾å€‹æ­¥é“ï¼Œå¥½å¥½çš„æ„Ÿå—åŒ—å°ç£çš„åŸå§‹æ£®æ—ã€‚\nå¦å¤–ï¼Œå¤ªå¹³å±±æ£®æ—éŠæ¨‚å€ä¸­ä¹Ÿæœ‰æœ¨å±‹èˆ‡é£¯åº—å¯ä»¥ä½å®¿ï¼Œç›¸ä¿¡å¤œé–“ç„¡å…‰å®³çš„å±±æ—ç’°å¢ƒä¸€å®šå¯ä»¥æ¬£è³åˆ°æ»¿å¤©çš„æ˜Ÿé›²ï¼Œä¸‹æ¬¡ä¸€å®šè¦ä¾†å˜—è©¦ä¸€äº›ä½åœ¨å±±ä¸Šçš„ç‰¹æ®Šå¤œæ™šã€‚é£¯åº—æœ‰é¤å»³èˆ‡å’–å•¡å»³å¯ä»¥æ‰“ç™¼ä¸‰é¤èˆ‡ä¸‹åˆèŒ¶ã€‚é›–ç„¶æ²’æœ‰çœŸçš„å»ç”¨é¤çš„ç¶“é©—ï¼Œç›®è¦–é¤å»³ç’°å¢ƒæ˜¯æœ‰ç”¨å¿ƒç¶“ç‡Ÿçš„æ„Ÿè¦ºã€‚\næœ€å¾Œï¼Œå¤ªå¹³å±±èåçš„è¹¦è¹¦è»Šï¼Œé›–ç„¶å› ç‚ºç¶­ä¿®çš„é—œä¿‚ï¼Œåªæœ‰é–‹æ”¾çŸ­çŸ­çš„1å…¬é‡Œï¼Œæ²¿è·¯çš„é¢¨æ™¯ä¹Ÿæ˜¯å€¼å¾—èŠ±50å…ƒçš„å„ªå¾…ç¥¨åƒ¹å»æ„Ÿå—ä¸€ä¸‹ã€‚', 'time': 1581435975}, {'author_name': 'Lin Ichih', 'author_url': 'https://www.google.com/maps/contrib/115099419225602034274/reviews', 'language': 'zh-Hant', 'profile_photo_url': 'https://lh4.ggpht.com/-8pkXh8VT2WI/AAAAAAAAAAI/AAAAAAAAAAA/n-Jgp2kSARU/s128-c0x00000000-cc-rp-mo-ba6/photo.jpg', 'rating': 5, 'relative_time_description': '3 å€‹æœˆå‰', 'text': 'å³ä½¿åœ¨é›ªéš§å·²é–‹é€šçš„é‡‘æ—¥ï¼Œå¤ªå¹³å±±åœ‹å®¶å…¬åœ’ä¾ç„¶æ˜¯ç›¸å°é›£ä»¥åˆ°é”çš„å­˜åœ¨ï¼Œæˆ‘è‡ª2002 å¹´åœ¨ç¾…æ±åšæ„›é†«é™¢ä½œç‚ºå°å¤§å» rotate çš„ intern,  ï¼ˆç•¶æ™‚ç„¡é›ªæ­²ï¼Œæ¯é€±å…­åˆéœ€å›å°å¤§åƒåŠ å…¨é™¢ grand round ã€‚åªèƒ½é–‹ä¸€å°ä¸‰è¬å…ƒå…¥æ‰‹çš„ä¸‰æ‰‹ Toyota Tercel è‡ªä»¥ç‚ºæ˜¯è—¤åŸæ‹“æµ·ï¼Œåœ¨å°ä¹ç·šè·‘å‡ºå¾ç¤æºªä¹ç£åå…«æ‹è‡³å°åŒ—ç¸£æ–°çƒè·¯50åˆ†é˜æ•´çš„æˆç©ã€‚\nï¼ˆç¾åœ¨ä»¥è€ï¼Œç„¡è†½é‡äº†ï¼‰\nï¼ˆé—œæ–¼å‰è¼ªé©…å‹•çš„æ¼‚ç§»å¯¦ä½œï¼Œæœ‰ç©ºå†æï¼‰\n\nç¸½ä¹‹ï¼Œå°±ç®—æœ‰äº†é›ªéš§ï¼Œä¹‹å¾Œæˆ‘ä¹ŸçœŸæ­£æœ‰äº†ä¸€å°è¨º T.T . = AUDI TT ğŸ˜€\næƒ³è¦å¾€å¤ªå¹³å±±çš„å¿ƒé¡˜å§‹çµ‚å¡å¡ der  ã€‚\nè‹¥ä¸æ˜¯å¿˜äº†å¸¶èº«ä»½è­‰ä¸èƒ½è¾¦ä¹™ç¨®å…¥å±±è­‰ï¼Œå°±æ˜¯ä¸‹ç­å¾Œç„¡æ³•å…¼å›ºå°ˆæ³¨åŠ›èˆ‡æ™‚é–“çš„å°ˆç¥åŠ›ä¾†è®“ çœŸ_TT ç™¼è¼æœ¬äº‹ã€‚æœ€é åªé–‹åˆ°å°ä¸ƒæ”¯ç·šçš„æ£²è˜­å±±èŠã€‚\nå…¶å¯¦å‘¢ï¼Œäº«å—å¤ªå¹³å±±æ¨‚è¶£çš„æœ€æ–¹ä¾¿æ–¹å¼é‚„æ˜¯åƒåŠ æ—…è¡Œç¤¾çš„ local tour, åªæ˜¯äººé˜¿ï¼Œå„æœ‰æ‰€å¥½ï¼Œæˆ‘æ„›å±±ï¼Œä¹Ÿæ„›è»Šï¼Œå°‘å°‘çš„å‡æœŸï¼Œè‹¥ç„¡æ³•å…©è€…å…¼å›ºï¼Œå³ä¾¿æˆè¡Œä¹Ÿä¸æ˜¯çœŸçš„é–‹å¿ƒã€‚\n é‡‘å¹´åˆæˆ‘çµ‚æ–¼ç¹ åå››å¹´è»Šé½¢çš„ TT é€€å½¹ï¼Œç•¶èµ·å¥½çˆ¸çˆ¸ï¼Œè²·äº† vW Tiguan , ï¼ˆå¾æ­¤å†ç„¡è²¼åœ°çš„æ¶é§›æ¨‚è¶£ã€‚ï¼‰\nä½†ä¹Ÿåœ¨äº¤è»Šå¾Œä¸ƒæ—¥ï¼Œè®“å®¶è£¡çš„æ——è‰¦è»Šå®Œæˆ3.5 å°æ™‚ç”±å°åŒ—ç›´ä¸Šå¤ªå¹³å±±ç¾¤å³°æ¹–çš„ä»»å‹™ã€‚\n\né€™ç¯‡ä¸åƒä»‹ç´¹å¤ªå¹³å±±æ£®æ—æ¨‚åœ’ï¼Œæ›´åƒã€å±±èˆ‡è»Šçš„äººç”Ÿã€æ—¥è¨˜ã€‚\n\nè‡ªæˆ‘å®Œæˆäº”åå²³ï¼Œé–‹å§‹æŒ‘æˆ°æ—¥æœ¬ç¾¤åƒèˆ‡å°¼ä¼¯çˆ¾ç¾¤å±±å¾Œï¼Œå†å›é ­ï¼Œçµ‚æ–¼å®ŒæˆåŒ—æ©«ç¾¤å±±è‡³éœ¸ã€‚\n\næ•´å€‹å¤ªå¹³å±±æˆ‘ä»è¦æœ‰æ›´å¤šé€ è¨ªç¶“éï¼Œæ‰èƒ½å¯«å‡ºæœ‰è²¬ä»»çš„å¿ƒå¾—ã€‚\n\nä¹Ÿè«‹æ‰€æœ‰åœ¨æˆ‘ local guider é é¢ä¸Šæ›¾è§€æ”¬ä¸¦ä¸åå–œæ­¡çš„æœ‹å‹æ—¢æ—¢çºŒè¿½è¹¤æˆ‘ã€‚\n\næˆ‘ä¸èªè­˜ä½ å€‘ï¼Œä½†è¬è¬å¤§å®¶ç†±æ„›è‡ªç„¶ï¼Œç†±æ„›æ´»è‘—çš„æ„ç¾©ã€‚\n\nè¨»ï¼š ç¾åœ¨é€²å¤ªå¹³å±±å·²ä¸é ˆä¹™ç¨®å…¥å±±è­‰', 'time': 1580024615}, {'author_name': 'è¶™åƒç·¯', 'author_url': 'https://www.google.com/maps/contrib/111641850103209826041/reviews', 'language': 'zh-Hant', 'profile_photo_url': 'https://lh6.ggpht.com/-mmX88Jr4NyQ/AAAAAAAAAAI/AAAAAAAAAAA/5EH8nzRxbY8/s128-c0x00000000-cc-rp-mo-ba4/photo.jpg', 'rating': 5, 'relative_time_description': '2 å€‹æœˆå‰', 'text': 'ç‰¹åˆ¥çš„ã„§å¤©2/29ï¼\nå¤©æœªäº®å°±å‡ºç™¼åˆ°å¾æœªå»éçš„å¤ªå¹³å±±â›°ï¸åœ‹å®¶æ£®æ—éŠæ¨‚å€ï¼Œå¾ˆå¹¸é‹çš„ã„§è·¯é †æš¢ä¹é»å¤šå°±åˆ°é”ï¼Œæ²¿è·¯çš„ç¾æ™¯çœŸæ˜¯ç¾ä¸å‹æ”¶ï¼Œèº«ç‚ºå°åŒ—äººå±…ç„¶ç¬¬ã„§æ¬¡åˆ°è¨ªï¼Œæ„Ÿåˆ°æœ‰äº›ç›¸è¦‹æ¨æ™šï¼Œå› çˆ²å¤ªå¹³å±±åœ’å€è¦åŠƒå®Œå–„ï¼Œæ¯å€‹æ™¯é»ã€æ­¥é“çœŸæ˜¯å¤ªç¾äº†ï¼åœ¨æµ·æ‹”2000å…¬å°ºé‚„é‡è¦‹é«˜ä¸­åŒå­¸å¤«å©¦ï¼ŒçœŸæ˜¯å¤ªå·§äº†ï¼\n#é³©ä¹‹æ¾¤ç…®è›‹ğŸ¥š\n#è¹¦è¹¦è»ŠğŸš—å…¶å¯¦æ˜¯ç«è»Š\n#èŒ‚èˆˆæ‡·èˆŠæ­¥é“\n#å¤ªå¹³å±±èŠ\n#æªœæœ¨ã€æ‰æœ¨å‚»å‚»åˆ†ä¸æ¸…\n#ç¿ å³°æ¹–å¾ˆç¾', 'time': 1583674936}, {'author_name': 'Szu Hua Chen', 'author_url': 'https://www.google.com/maps/contrib/109679519952003953866/reviews', 'language': 'zh-Hant', 'profile_photo_url': 'https://lh3.ggpht.com/-6-HQP9LfXQM/AAAAAAAAAAI/AAAAAAAAAAA/4lMpMs48SLA/s128-c0x00000000-cc-rp-mo-ba3/photo.jpg', 'rating': 5, 'relative_time_description': '2 å€‹æœˆå‰', 'text': 'é‚„ä¸éŒ¯ï¼Œé¢¨æ™¯å¹½ç¾ï¼Œé€™æ¬¡å»åªæœ‰å»ç¿ å³°æ¹–ï¼Œè·¯é€”æœ‰é»é ï¼Œå¾é è¿‘å±±èŠåœè»Šå ´åˆ°è£¡é¢é–‹äº†é —ä¹…ï¼Œè·¯æœ‰äº›åœ°æ–¹æœ‰é»å°è¦å°å¿ƒæœƒè»Šï¼Œæœƒæšˆè»Šçš„è¦åƒæšˆè»Šè—¥å“ˆã€‚\nç¿ å³°æ¹–å¾ˆç¾ï¼Œå‰›å»çš„æ™‚å€™å¤©ç©ºè¢«é›²ç½©ä½ï¼Œå¾Œä¾†å‡ºä¾†æ™‚ï¼Œå‰›å¥½è—å¤©å‡ºç¾ï¼Œè·Ÿæ¹–é¢å€’æ˜ è‘—è—å¤©çœŸçš„å¥½ç¾ã€‚èµ°ç’°æ¹–æ­¥é“ï¼Œå¦‚æœä¹‹å‰æœ‰ä¸‹é›¨è¦å°å¿ƒåœ°æ»‘ã€æ³¥æ¿˜ã€‚æœ‰æ™‚æœƒé£„ä¾†ä¸€é™£éœ§ï¼Œå½·å½¿ç½®èº«ä»™å¢ƒã€‚', 'time': 1583600861}, {'author_name': 'æ¸¸æœ¨æº¢', 'author_url': 'https://www.google.com/maps/contrib/109334835320201785057/reviews', 'language': 'zh-Hant', 'profile_photo_url': 'https://lh4.ggpht.com/-o-4_hvebqXY/AAAAAAAAAAI/AAAAAAAAAAA/MRZAkr5OslE/s128-c0x00000000-cc-rp-mo-ba6/photo.jpg', 'rating': 3, 'relative_time_description': '2 å€‹æœˆå‰', 'text': 'å…¥åœ’ç¥¨åŠ ä¸Šè¹¦è¹¦è»Šç¥¨ï¼Œæ„Ÿè¦ºä¸Šä¸æ˜¯å¾ˆè¦ªæ°‘ï¼Œå”¯ä¸€ç¾æ™¯ç¿ å³°æ¹–å€¼å¾—ï¼èµ°ï¼Œè…³åŠ›ä¸ä½³è€…ä¸å»ºè­°èµ°ä¸­å¤®è¸æ¢¯ã€‚', 'time': 1584082051}]",GOOGLE,"['tourist_attraction', 'park', 'point_of_interest', 'establishment']",https://maps.google.com/?cid=12283205393841389077,3861.0,480,å¤§åŒé„‰å¤ªå¹³å··58ä¹‹1è™Ÿ,"{'open_now': True, 'periods': [{'close': {'day': 0, 'time': '2000'}, 'open': {'day': 0, 'time': '0400'}}, {'close': {'day': 1, 'time': '2000'}, 'open': {'day': 1, 'time': '0600'}}, {'close': {'day': 2, 'time': '2000'}, 'open': {'day': 2, 'time': '0600'}}, {'close': {'day': 3, 'time': '2000'}, 'open': {'day': 3, 'time': '0600'}}, {'close': {'day': 4, 'time': '2000'}, 'open': {'day': 4, 'time': '0600'}}, {'close': {'day': 5, 'time': '2000'}, 'open': {'day': 5, 'time': '0600'}}, {'close': {'day': 6, 'time': '2000'}, 'open': {'day': 6, 'time': '0400'}}], 'weekday_text': ['æ˜ŸæœŸä¸€: 06:00 â€“ 20:00', 'æ˜ŸæœŸäºŒ: 06:00 â€“ 20:00', 'æ˜ŸæœŸä¸‰: 06:00 â€“ 20:00', 'æ˜ŸæœŸå››: 06:00 â€“ 20:00', 'æ˜ŸæœŸäº”: 06:00 â€“ 20:00', 'æ˜ŸæœŸå…­: 04:00 â€“ 20:00', 'æ˜ŸæœŸæ—¥: 04:00 â€“ 20:00']}","[{'height': 3000, 'html_attributions': ['<a href=""https://maps.google.com/maps/contrib/103711992415924475697"">æ‡·ç‰¹</a>'], 'photo_reference': 'CmRaAAAAOvonQDXL3r-1cuBSNB3508h_n7ocX4dCk8IBtmf_6236jOZNX3ZrOQWzTInEHFB6Ym9WDm3NJBK47fkqiRjSWLGu5RpZRuP2m4Naw21ke2Zs-wfPHmaKs7YhnmPHC9fyEhDBP9Q_g1Xf1Uc5HEBOqW1eGhS65VZGvYr0e5GrSvMLCsY_IG9bPw', 'width': 4000}, {'height': 3096, 'html_attributions': ['<a href=""https://maps.google.com/maps/contrib/103013091983079569014"">é»ƒåŠ‰æ˜¥è˜­</a>'], 'photo_reference': 'CmRaAAAAlAREPLgWEhhj9Xij-cdZxZak-QT8r9Djh9qj7DXGsXZJlZfAacxdzsUAdOic3l3EEcWrMkkKVhLNc_wPIRdTmJ3NB-HTtkEj64AJPa7tDVJrMvU2KKNqRi2RHBbRdM4KEhDa_N5uciC_G0GPtIe-_IiSGhQQNFlgilXrRmKVlqsBV3TfgKBCiA', 'width': 4128}, {'height': 2592, 'html_attributions': ['<a href=""https://maps.google.com/maps/contrib/111501804638978320234"">é»ƒæ˜¥é¾</a>'], 'photo_reference': 'CmRaAAAA2gtpt_YgIYl2mra6GQYy69g5lKXk65o-TGxFYoF5KjYBW5U2TSVNpDgNhf59tZfqrDzirGnMm2Lh6xQZ1wXKKbnhcOOFybzrDYJ8NyCZYrI-aNgYl2bw1TTp9dVtvyJ-EhCa15X6SF9KdYfrOtlymyC4GhThxWzzdXtuwrH7Uyx3nu6PpTMIgg', 'width': 1944}, {'height': 4160, 'html_attributions': ['<a href=""https://maps.google.com/maps/contrib/111943252386117810824"">å¾æ˜è¯</a>'], 'photo_reference': 'CmRaAAAA_QXS7lO6dHWStA-mafTglwBDkICrxZDSzlOIZR6mya3sN-UFQ3H-AQu90bWLDb9-fv_0dCtdJ8NwiquNb5LKRPmZ8BlTKjC7o2W6iMyXkY8Rp_xBjn-GRRDq6UyylebyEhAxXYZVyx4uSxaHa9pXwZdtGhRRM2_QKMfq302lqtbQCGGzNJi-oQ', 'width': 3120}, {'height': 1944, 'html_attributions': ['<a href=""https://maps.google.com/maps/contrib/111501804638978320234"">é»ƒæ˜¥é¾</a>'], 'photo_reference': 'CmRaAAAAJHZWgWoxv0_PkzQKGI2yBwnG8bSafjhmLGaxdO_ndqNpLN0-a8nSF_W2Hw3O1H-qSSAyRG8aWMF4mU9Wyydq5HL4VBzyPowW42f9GOA7vi2Lt28aamcBDopG-P_MzzxZEhB8u8WOHc4i2iZWbmLpRuFZGhRtONJZ5AlqpYXbK2drCwiYosBRaQ', 'width': 2592}, {'height': 2448, 'html_attributions': ['<a href=""https://maps.google.com/maps/contrib/100747534563060503761"">è”¡å²³éœ–</a>'], 'photo_reference': 'CmRaAAAA9_XAed8CdHO4NLBCSWp0ziAqRIhXo04FVTycTTT0L9Y3985iQoKxcy-Abo8iDq7vsqwIjqv5ilDwyqmh95GFcOVlqKPVOYYI-FarfJGGXWaD6vk-DL2vbmCN0EKKO1weEhD83dUdW3vEAeflrSNcJiBGGhTDcGHZWshX4YIDtO9Aaw0G5Yr9cA', 'width': 3264}, {'height': 3024, 'html_attributions': ['<a href=""https://maps.google.com/maps/contrib/101337211617974034874"">ç‹éº—æ·‡</a>'], 'photo_reference': 'CmRaAAAAy5MK453u2T7fU2Sx-CuLZD1eN1lI7p4tx5hWsM0x5R1-xyUlgqC_oGmeq8LkK8WOpl0mINgLMPcO7CJup_3DofdhH53_-bqH6OhUgy0yBBn2g3mhDEoqCZGaj1cSavxnEhAlp7HDx5L4b9VY31FD-xAbGhQ7k0Gp278F9z-BZB-MsZwYWur8gw', 'width': 4032}, {'height': 6936, 'html_attributions': ['<a href=""https://maps.google.com/maps/contrib/112543239799313820096"">shihchang wu</a>'], 'photo_reference': 'CmRaAAAAFD293i3PmkSfUAD29vkie33Kp1K1qn-577YC3ZOW0aCRFSpHEgQxBV5RAt8pbW_VhPtzSomKE5JVTFrRJV39gvatquBZfsa5vSMuOXURWazJAu3sD5R-kSBYTeljfg4NEhCiaTrNcDuMrFOCbCSduKsiGhQHVZdUXS043Be9wQRyHaAvkhFhIQ', 'width': 9248}, {'height': 3268, 'html_attributions': ['<a href=""https://maps.google.com/maps/contrib/117513367507252368182"">ho tsunton</a>'], 'photo_reference': 'CmRaAAAA5iokDRMeptZuTY8Zc_vqsYaUP62fWLhPXp3fVDbK994vOb_RfXeShZUTHXH53HATnsl7lQFXE4ogPEUZk3HEkg_VUR-j2jZF-zJGQCHfwM_opOov31gWcB7KABpFHMwbEhAcpwi2lAGskdZYdIV9jHcZGhTud7ghYI1xgiPBujNEpC0LGVNrzQ', 'width': 4895}, {'height': 4032, 'html_attributions': ['<a href=""https://maps.google.com/maps/contrib/100279057141735929514"">mini CHIANG</a>'], 'photo_reference': 'CmRaAAAAmgPCnO7Fs3RRugUkN3FQQTVo3xu0g2xX46xTdbfxaex966hTH9VxmdtgDvVNUNJYFU8RZkPlSISyh445R5YgXw8BIYwQ9EFplc6-o9I408qcF4lSEfulw3MCF6AovSpNEhBqocoiu1gmXLBCehZ1PM2uGhTY5_C_B71rMYP_40owvnKcJj25qg', 'width': 3024}]",http://tps.forest.gov.tw/,
"[{'long_name': '259è™Ÿ', 'short_name': '259è™Ÿ', 'types': ['street_number']}, {'long_name': 'å¿ å­è·¯', 'short_name': 'å¿ å­è·¯', 'types': ['route']}, {'long_name': 'æ± ä¸Šé„‰', 'short_name': 'æ± ä¸Šé„‰', 'types': ['administrative_area_level_3', 'political']}, {'long_name': 'å°æ±ç¸£', 'short_name': 'å°æ±ç¸£', 'types': ['administrative_area_level_2', 'political']}, {'long_name': 'å°ç£', 'short_name': 'TW', 'types': ['country', 'political']}, {'long_name': '958', 'short_name': '958', 'types': ['postal_code']}]","<span class=""postal-code"">958</span><span class=""country-name"">å°ç£</span><span class=""region"">å°æ±ç¸£</span><span class=""locality"">æ± ä¸Šé„‰</span><span class=""street-address"">å¿ å­è·¯259è™Ÿ</span>",OPERATIONAL,958å°ç£å°æ±ç¸£æ± ä¸Šé„‰å¿ å­è·¯259è™Ÿ,08 986 2326,"{'location': {'lat': 23.1242563, 'lng': 121.2209041}, 'viewport': {'northeast': {'lat': 23.1255738302915, 'lng': 121.2222892302915}, 'southwest': {'lat': 23.1228758697085, 'lng': 121.2195912697085}}}",https://maps.gstatic.com/mapfiles/place_api/icons/shopping-71.png,ec7a19cb37fa88938a5e6f2276f8a51a2a848582,+886 8 986 2326,æ‚Ÿé¥•æ± ä¸Šé£¯åŒ…æ–‡åŒ–æ•…äº‹é¤¨,ChIJuYubE4sMbzQR6F0sgiCsdSo,"{'compound_code': '46FC+P9 å°ç£å°æ±ç¸£æ± ä¸Šé„‰ç¦åŸæ‘', 'global_code': '7QM346FC+P9'}",3.9,ChIJuYubE4sMbzQR6F0sgiCsdSo,"[{'author_name': 'å³æƒ æ…ˆ', 'author_url': 'https://www.google.com/maps/contrib/103553669005589648876/reviews', 'language': 'zh-Hant', 'profile_photo_url': 'https://lh4.ggpht.com/-eKLsAfpqykA/AAAAAAAAAAI/AAAAAAAAAAA/p_Weip6kJvw/s128-c0x00000000-cc-rp-mo-ba3/photo.jpg', 'rating': 3, 'relative_time_description': '2 é€±å‰', 'text': 'å¾ˆå¯æƒœä¾¿ç•¶ä¸æ˜¯ç¾åŒ…\nèœè‰²å¾ˆä¸€èˆ¬ï¼Œå°±è·Ÿåƒå°éµä¾¿ç•¶ã„§æ¨£ï¼Œä½†ç±³é£¯å¾ˆå¥½åƒã€‚åƒå€‹ç²—é£½æ‹å€‹ç…§å¾ˆä¸éŒ¯ã€‚', 'time': 1587977836}, {'author_name': 'å³å°è±', 'author_url': 'https://www.google.com/maps/contrib/102671565849601877990/reviews', 'language': 'zh-Hant', 'profile_photo_url': 'https://lh3.ggpht.com/-rGEwpe8y57w/AAAAAAAAAAI/AAAAAAAAAAA/SOARCIKYlsM/s128-c0x00000000-cc-rp-mo-ba3/photo.jpg', 'rating': 3, 'relative_time_description': '2 é€±å‰', 'text': 'ä¸‹æ¬¡ä¾†è¨˜å¾—ä¸è¦é»é¯›é­šï¼Œéƒ½æ˜¯çš®å±…å¤šï¼Œç±³é£¯å¥½åƒï¼Œä¾¿ç•¶å¾ˆæœ‰èª æ„', 'time': 1588134619}, {'author_name': 'å»šç¥', 'author_url': 'https://www.google.com/maps/contrib/116197723040290974689/reviews', 'language': 'zh-Hant', 'profile_photo_url': 'https://lh4.ggpht.com/-KNndeGtNa7I/AAAAAAAAAAI/AAAAAAAAAAA/1Obpq9cep1M/s128-c0x00000000-cc-rp-mo/photo.jpg', 'rating': 1, 'relative_time_description': '2 é€±å‰', 'text': 'ä¾¿ç•¶åƒå®Œæ²’å¥ªä¹…æˆ‘å°±è‚šå­ç—›äº†ï¼\nä¹Ÿæ²’æœ‰åˆ¥äººèªªçš„å¥½åƒï¼Œåƒå®Œé€™æ¬¡å¾Œæˆ‘ä¸æœƒæƒ³å†ä¾†åƒ', 'time': 1587895109}, {'author_name': 'æåœ‹æ…¶', 'author_url': 'https://www.google.com/maps/contrib/106832350617158252487/reviews', 'language': 'zh-Hant', 'profile_photo_url': 'https://lh6.ggpht.com/-1-uWRmUVots/AAAAAAAAAAI/AAAAAAAAAAA/2NQ9sJIsI_o/s128-c0x00000000-cc-rp-mo-ba6/photo.jpg', 'rating': 4, 'relative_time_description': '1 å€‹æœˆå‰', 'text': 'é€™è£¡å·²ç¶“è®Šæˆè§€å…‰æ™¯é»äº†ï¼\nç¶“å¸¸å¸¶å‹äººä¾†ã€ä½†æˆ‘åªåƒéä¸€æ¬¡....\nå› ç‚ºæˆ‘è¦ºå¾—å…¨åœ‹çš„æ‚Ÿé¥•åˆ†åº—åŠ ç›Ÿåº—éƒ½æ¯”é€™å€‹å¥½åƒğŸ˜‹ä¾†çœ‹ç«è»Šçš„å•¦ã€ä½†æˆ‘å€‘çš„æœ‹å‹éƒ½æœ‰å“åšä¸€ä¸‹é€™è£¡çš„ä¾¿ç•¶ğŸ±\næ„Ÿå—ä¸€ä¸‹ç¾å ´æ°£æ°›ã€åæ‡‰ä¹Ÿä¸éŒ¯ğŸ‘', 'time': 1586065838}, {'author_name': 'Real Comment', 'author_url': 'https://www.google.com/maps/contrib/105058391797599149858/reviews', 'language': 'zh-Hant', 'profile_photo_url': 'https://lh5.ggpht.com/-kp9ngP8VPh4/AAAAAAAAAAI/AAAAAAAAAAA/YqMs_e45Mb4/s128-c0x00000000-cc-rp-mo-ba3/photo.jpg', 'rating': 1, 'relative_time_description': '2 å€‹æœˆå‰', 'text': 'åœ¨Googleçœ‹è¦‹å¤§å®¶çš„å¥½è©•å‰å¾€ä¸€è©¦ï¼Œåœ¨è²·ä¾¿ç•¶æ™‚æ«ƒæª¯èªªäº†ä¸€å¥è©±ï¼Œâ€œä¾¿ç•¶è³£å‡ºä¸é€€å“¦ï¼â€æˆ‘å¿ƒè£¡æƒ³ä¾†æ± ä¸Šä¸å°±æ˜¯ä¾†åƒæ± ä¸Šç±³åƒä½ å€‘çš„ä¾¿ç•¶å—ï¼Ÿå¹¹å˜›é€€ï¼Ÿ\n\nç•¶æˆ‘æ‰“é–‹ä¾¿ç•¶ç›’åƒç¬¬ä¸€å£é£¯æ™‚ï¼Œæˆ‘çµ‚æ–¼çŸ¥é“ç‚ºä»€éº¼å¥¹è¦èªªé‚£ä¸€å¥è©±äº†ï¼Œé£¯æ˜¯æ•´åœ˜é»åœ¨ä¸€èµ·çš„ï¼Œæ„Ÿè¦ºå¥½åƒæ˜¯éš”å¤œæ²’è³£å®Œå†è’¸éçš„ï¼æˆ‘åœ¨ä»»ä½•åŸå¸‚çš„æ± ä¸Šä¾¿ç•¶éƒ½æ²’åƒéé€™éº¼å·®çš„ç±³é£¯ï¼\n\næˆ‘èªªæ± ä¸Šå•Šï¼æ€éº¼èƒ½é€™éº¼ç³Ÿå¡Œä½ å€‘å¥½ç±³å¥½åè²å‘¢ï¼ç³Ÿé€äº†ï¼åœ¨è²·ä¾¿ç•¶çš„æ«ƒæª¯çœ‹è¦‹ä»–å€‘è²¼è‘—å»£å‘Šï¼Œåœ¨FBä¸Šé¢è®šå°±é€æ±è¥¿ï¼Œé€™ç¨®ç­–ç•¥åªå®Œå…¨å°±æ˜¯è®“å¾Œé¢æ›´å¤šæ¶ˆè²»è€…ä¸Šç•¶ï¼Œæˆ‘åªåšçœŸå¯¦çš„è©•è«–ï¼Œå¤ªå·®äº†ï¼', 'time': 1582511524}]",GOOGLE,"['restaurant', 'food', 'point_of_interest', 'store', 'establishment']",https://maps.google.com/?cid=3059540777490996712,9561.0,480,æ± ä¸Šé„‰å¿ å­è·¯259è™Ÿ,"{'open_now': True, 'periods': [{'close': {'day': 0, 'time': '2000'}, 'open': {'day': 0, 'time': '0800'}}, {'close': {'day': 1, 'time': '2000'}, 'open': {'day': 1, 'time': '0800'}}, {'close': {'day': 2, 'time': '2000'}, 'open': {'day': 2, 'time': '0800'}}, {'close': {'day': 3, 'time': '2000'}, 'open': {'day': 3, 'time': '0800'}}, {'close': {'day': 4, 'time': '2000'}, 'open': {'day': 4, 'time': '0800'}}, {'close': {'day': 5, 'time': '2000'}, 'open': {'day': 5, 'time': '0800'}}, {'close': {'day': 6, 'time': '2000'}, 'open': {'day': 6, 'time': '0800'}}], 'weekday_text': ['æ˜ŸæœŸä¸€: 08:00 â€“ 20:00', 'æ˜ŸæœŸäºŒ: 08:00 â€“ 20:00', 'æ˜ŸæœŸä¸‰: 08:00 â€“ 20:00', 'æ˜ŸæœŸå››: 08:00 â€“ 20:00', 'æ˜ŸæœŸäº”: 08:00 â€“ 20:00', 'æ˜ŸæœŸå…­: 08:00 â€“ 20:00', 'æ˜ŸæœŸæ—¥: 08:00 â€“ 20:00']}","[{'height': 1365, 'html_attributions': ['<a href=""https://maps.google.com/maps/contrib/111971190483642895304"">æ± ä¸Šé£¯åŒ…æ–‡åŒ–æ•…äº‹é¤¨</a>'], 'photo_reference': 'CmRaAAAATs7o8IqUrOCCdyMW8IeNhF6FgfbRi3hobD_NOyMfKZk47lp8bSxZoIY1YzuYFVGvScsBaBcQSU0mD9wxH2sh-0LyWAFiCdCXlLCSAn6LWwRGGUZUBKp1i4QcixZ0KvklEhDBal35JZQKSMk76eTPOvLdGhTvU13w0mQz0oYSWRfR04fqYfQZLg', 'width': 2048}, {'height': 3024, 'html_attributions': ['<a href=""https://maps.google.com/maps/contrib/111011064011141562741"">Miro Tsai</a>'], 'photo_reference': 'CmRaAAAAu8mYII3Wc_qUWUi1MzdY0mphtOjaiwfrMmCPzT2DOOe_ia86D_ir3ALuxdinKB5VQvXLCIaOFOVqkV-M9e9HHiF599VR_LKB9xYALXFENZ_t5wvCUv3ANPU9i5GjCD0xEhAjFQsdP6o7Pwn5LAmnX0GbGhSsWYwArYGVYlpbqtcMTvQg7XMSQw', 'width': 4032}, {'height': 1365, 'html_attributions': ['<a href=""https://maps.google.com/maps/contrib/111971190483642895304"">æ± ä¸Šé£¯åŒ…æ–‡åŒ–æ•…äº‹é¤¨</a>'], 'photo_reference': 'CmRaAAAAkzj2aMkBbedYQyXw1jreH29ju2jsqyX2OEwhCMUwY6AwJQhLk4L9lgs_W1i1sJHmUn6rPbeCrz_zbOVKhv_F2MP2qSfXVllYL6EE6h0yQiAryZ-ddyczw2n4cFcim6bLEhAYaIUCL0oCucfnD3zVRQxTGhRpE1ZrEvqE84qsGPZZ0JevKOhJLw', 'width': 2048}, {'height': 2160, 'html_attributions': ['<a href=""https://maps.google.com/maps/contrib/116896046969213474443"">EMMAèšŠå­</a>'], 'photo_reference': 'CmRaAAAAQpS_6X6KFvZ-XQj-6hEcLy_ahofHlTJwDaakOkZbH-bG4AfN1399eBqHWj9so5H-BZiZCgPtan6Slul-ytYNu6jfePR4jKPBfBlW4lL_Sgv5ADsXjJOeoxFaqH8vl5aDEhAxKjNYy7h1HXkyHwbJFGP2GhR-q2MMfNbpXS8GTD3R3Kqox2Le7A', 'width': 3840}, {'height': 3024, 'html_attributions': ['<a href=""https://maps.google.com/maps/contrib/103699670133137022738"">Ying Lin</a>'], 'photo_reference': 'CmRaAAAAW3sBcTBsrkjcItpNwtettrm77YilsrOXCK_ylS6dO6JNfofKQhrpopiCBvxRDQbt1xfbU64E0NKS9OTHKqaZNtTD4TozjDmufhyoZL0BejbV31gbf0zJWArnuTRqvKfxEhBmM5Ce3hqFt5rc_VUcXbX7GhQpesLhq0rCQ-_o2S38CaKKtW5EFQ', 'width': 4032}, {'height': 3792, 'html_attributions': ['<a href=""https://maps.google.com/maps/contrib/105149182357499646574"">Lienfa Su</a>'], 'photo_reference': 'CmRaAAAAAiJIt8smg7-5YUWAROQiZnbUjpJl8gP70M5_i8XOrvBV9pJyqINvWpPTJJeSgpINwH8QF5J62w_jC7dIuGdFTKWbDbU0BPK2JNhfVEgLNrtpQ8zgS7-6XXKMJyUxbqAyEhC4HM8QP3StlxRwJ2idvF3gGhQi4RZVEdfzz66jKnWTzlEUzf80aA', 'width': 5056}, {'height': 3024, 'html_attributions': ['<a href=""https://maps.google.com/maps/contrib/112856345432890480043"">ChunHung</a>'], 'photo_reference': 'CmRaAAAASz6b7dfPkUwi4BhuUT-GFEssrtja0UCj0WswIlITEQtLqOsIL8fgqBqz8Uyit8n1iMa553ADvVOCQ7lh7_Psve431MLM0ZBqwQ__VERIUO9HbvBSPtmt2yOroc2xJK_sEhDii8J5kLV4NJs1fGR_B5sJGhQPJ6XdJBzjrmqyELPtVgdwGDJ3iA', 'width': 4032}, {'height': 3024, 'html_attributions': ['<a href=""https://maps.google.com/maps/contrib/113061951865255425349"">å°å®‰å®‰</a>'], 'photo_reference': 'CmRaAAAAcKof5KuaBoqaYMt7VxtM7lAnI7Ac1txaxcQF_PYrerdhP1iqTZSQvdAzLDg90oErMPgcG5iQ3lsP-3ieF_UtWz9hTkfYSjBV3hwsUqly7rSsmfN1vmMkUJs6FA2h5sJZEhAaaDBZ7yMeGdQ2yKPz4kIvGhRAa-ZD_oH3aHq5wdFrRUhskoSPfA', 'width': 4032}, {'height': 3024, 'html_attributions': ['<a href=""https://maps.google.com/maps/contrib/101307302649491082930"">Angel Chi</a>'], 'photo_reference': 'CmRaAAAAU5bYske-NugEsV1-SCBODnv2gPLQIl2prGHa_7t-J43t2Hdzd--iIcOm7zeRNQub-moJRKEIbGgkNWS2hKaRsksvljyHHRH8HqS2DlE328Qrq4G5cl-1AcqWCxuPOGnBEhCHUSpKTgr_LeXGEki41MT8GhT6UywNgzSDWgfbFnLDuy0MXWBlUA', 'width': 4032}, {'height': 2268, 'html_attributions': ['<a href=""https://maps.google.com/maps/contrib/106239420236927950028"">éº—ç¾</a>'], 'photo_reference': 'CmRaAAAAvKDIaTD1h17Uwm2qOXICpYUc834H4re8lsfr8uaiVCZnKkoKBxYW91IAHh-OlZKuA59lTpnyJPITRIJOOAhAIf-6rx-K7CE0TYwf8I40ekU63K-oe81a1UhXoidmIfikEhDPMmzxEBM13o0ppyuysXOHGhQtxz8_N0VcR1CFagBxHJ2JkCaKJg', 'width': 4032}]",http://www.wu-tau.com/storys.php,1.0
"[{'long_name': '100ä¹‹2è™Ÿ', 'short_name': '100ä¹‹2è™Ÿ', 'types': ['street_number']}, {'long_name': 'ä¸­å±±è·¯', 'short_name': 'ä¸­å±±è·¯', 'types': ['route']}, {'long_name': 'æ± ä¸Šé„‰', 'short_name': 'æ± ä¸Šé„‰', 'types': ['administrative_area_level_3', 'political']}, {'long_name': 'å°æ±ç¸£', 'short_name': 'å°æ±ç¸£', 'types': ['administrative_area_level_2', 'political']}, {'long_name': 'å°ç£', 'short_name': 'TW', 'types': ['country', 'political']}, {'long_name': '958', 'short_name': '958', 'types': ['postal_code']}]","<span class=""postal-code"">958</span><span class=""country-name"">å°ç£</span><span class=""region"">å°æ±ç¸£</span><span class=""locality"">æ± ä¸Šé„‰</span><span class=""street-address"">ä¸­å±±è·¯100ä¹‹2è™Ÿ</span>",OPERATIONAL,958å°ç£å°æ±ç¸£æ± ä¸Šé„‰ä¸­å±±è·¯100ä¹‹2è™Ÿ,08 986 2107,"{'location': {'lat': 23.121734, 'lng': 121.214813}, 'viewport': {'northeast': {'lat': 23.1231525802915, 'lng': 121.2161078802915}, 'southwest': {'lat': 23.1204546197085, 'lng': 121.2134099197085}}}",https://maps.gstatic.com/mapfiles/place_api/icons/generic_business-71.png,1b06abbdecd59cb9b01c387c2024d962ee2748f9,+886 8 986 2107,é™½å…‰é›»æ©Ÿå·¥ä½œè™•,ChIJ-RtEJmIMbzQR1j_zjsgjKaY,"{'compound_code': '46C7+MW å°ç£å°æ±ç¸£æ± ä¸Šé„‰ç¦åŸæ‘', 'global_code': '7QM346C7+MW'}",,ChIJ-RtEJmIMbzQR1j_zjsgjKaY,,GOOGLE,"['car_repair', 'point_of_interest', 'establishment']",https://maps.google.com/?cid=11973140428639911894,,480,æ± ä¸Šé„‰ä¸­å±±è·¯100ä¹‹2è™Ÿ,,,,
